TransactionID,Timestamp,FuelLiters,PumpReading,BillAmount,PaymentMode,IsFraud
TXN10000,2025-11-24 02:15:41.497301,41.84,41.84,4184.0,CASH,0
TXN10001,2025-12-02 20:53:41.497301,36.53,36.53,4089.48,UPI,1
TXN10002,2025-11-16 07:18:41.497301,15.88,15.88,1588.0,UPI,0
TXN10003,2025-12-01 02:28:41.497301,21.26,21.26,2126.0,CASH,0
TXN10004,2025-11-07 11:34:41.497301,20.67,20.67,2067.0,CARD,0
TXN10005,2025-11-24 14:32:41.497301,20.55,20.55,2548.2,CARD,1
TXN10006,2025-11-25 16:05:41.497301,33.29,33.29,3329.0,CARD,0
TXN10007,2025-11-17 13:20:41.497301,6.96,6.96,696.0,UPI,0
TXN10008,2025-11-27 07:05:41.497301,27.62,27.62,2762.0,UPI,0
TXN10009,2025-11-16 18:34:41.497301,19.58,19.58,1958.0,UPI,0
TXN10010,2025-11-29 13:26:41.497301,437.65,437.65,43765.0,CARD,1
TXN10011,2025-11-13 14:26:41.497301,17.24,17.24,1724.0,CASH,0
TXN10012,2025-11-19 17:57:41.497301,49.15,49.15,4915.0,CASH,0
TXN10013,2025-11-28 20:03:41.497301,39.76,39.76,3976.0,UPI,0
TXN10014,2025-11-13 20:37:41.497301,7.15,7.15,715.0,UPI,0
TXN10015,2025-11-29 13:06:41.497301,16.77,16.77,1677.0,UPI,0
TXN10016,2025-11-05 19:44:41.497301,23.55,23.55,2355.0,CARD,0
TXN10017,2025-11-19 10:34:41.497301,36.28,36.28,3628.0,CASH,0
TXN10018,2025-11-19 15:34:41.497301,30.27,30.27,3027.0,CARD,0
TXN10019,2025-11-13 06:17:41.497301,20.23,20.23,2023.0,CASH,0
TXN10020,2025-11-24 02:00:41.497301,6.11,6.11,611.0,CARD,0
TXN10021,2025-11-21 17:52:41.497301,37.77,37.77,3777.0,CASH,0
TXN10022,2025-11-06 04:04:41.497301,6.24,6.24,624.0,UPI,0
TXN10023,2025-11-18 12:57:41.497301,12.27,12.27,1227.0,UPI,0
TXN10024,2025-11-06 19:23:41.497301,10.13,10.13,1013.0,UPI,0
TXN10025,2025-12-02 17:58:41.497301,10.06,10.06,1006.0,CASH,0
TXN10026,2025-11-28 03:59:41.497301,33.4,33.4,3340.0,CASH,0
TXN10027,2025-11-16 15:25:41.497301,12.98,12.98,1298.0,CARD,0
TXN10028,2025-11-10 11:41:41.497301,40.5,40.5,4050.0,CARD,0
TXN10029,2025-11-27 05:34:41.497301,22.29,22.29,2229.0,CASH,0
TXN10030,2025-11-16 00:37:41.497301,9.09,9.09,909.0,CARD,0
TXN10031,2025-11-06 06:24:41.497301,39.22,39.22,3922.0,UPI,0
TXN10032,2025-12-02 05:43:41.497301,2.45,2.45,245.0,UPI,0
TXN10033,2025-11-12 20:39:41.497301,31.18,31.18,3118.0,UPI,0
TXN10034,2025-12-01 07:43:41.497301,16.67,16.67,1667.0,CASH,0
TXN10035,2025-11-21 15:11:41.497301,24.81,24.81,2481.0,UPI,0
TXN10036,2025-11-21 08:04:41.497301,23.53,23.53,2353.0,CASH,0
TXN10037,2025-11-23 14:47:41.497301,44.04,44.04,4404.0,CASH,0
TXN10038,2025-11-28 00:14:41.497301,18.15,18.15,1815.0,CARD,0
TXN10039,2025-11-18 04:00:41.497301,30.88,30.88,3088.0,UPI,0
TXN10040,2025-11-15 19:08:41.497301,17.39,17.39,1739.0,UPI,0
TXN10041,2025-11-05 18:59:41.497301,35.0,35.0,3676.65,UPI,1
TXN10042,2025-11-27 10:29:41.497301,43.26,43.26,4326.0,CARD,0
TXN10043,2025-11-19 18:56:41.497301,30.69,30.69,3069.0,CASH,0
TXN10044,2025-11-09 04:04:41.497301,46.72,46.72,4672.0,CASH,0
TXN10045,2025-11-18 06:51:41.497301,38.36,38.36,3836.0,CASH,0
TXN10046,2025-11-28 10:46:41.497301,20.47,20.47,2047.0,CARD,0
TXN10047,2025-12-01 01:38:41.497301,20.91,20.91,2091.0,CARD,0
TXN10048,2025-12-01 19:39:41.497301,11.37,11.37,1521.12,CARD,1
TXN10049,2025-11-22 16:38:41.497301,34.33,34.33,3433.0,CASH,0
TXN10050,2025-11-10 03:03:41.497301,27.22,27.22,2722.0,UPI,0
TXN10051,2025-11-20 15:23:41.497301,12.82,12.82,1282.0,UPI,0
TXN10052,2025-12-02 21:39:41.497301,40.92,40.92,4275.75,CARD,1
TXN10053,2025-11-07 13:04:41.497301,17.47,17.47,1747.0,CASH,0
TXN10054,2025-11-06 16:30:41.497301,29.79,29.79,2979.0,CASH,0
TXN10055,2025-11-07 01:21:41.497301,34.36,34.36,3436.0,UPI,0
TXN10056,2025-11-16 18:20:41.497301,34.69,34.69,3469.0,UPI,0
TXN10057,2025-11-14 14:06:41.497301,40.27,40.27,4027.0,CASH,0
TXN10058,2025-11-20 16:47:41.497301,37.08,37.08,3708.0,UPI,0
TXN10059,2025-11-09 08:29:41.497301,13.27,13.27,1327.0,CARD,0
TXN10060,2025-11-18 06:00:41.497301,33.79,33.79,3379.0,CASH,0
TXN10061,2025-11-08 02:41:41.497301,37.22,37.22,3722.0,UPI,0
TXN10062,2025-11-11 10:33:41.497301,14.67,14.67,1467.0,CASH,0
TXN10063,2025-11-22 01:25:41.497301,7.43,7.43,743.0,CASH,0
TXN10064,2025-11-28 13:53:41.497301,31.04,31.04,3104.0,CASH,0
TXN10065,2025-11-21 00:51:41.497301,22.75,22.75,2275.0,CARD,0
TXN10066,2025-11-14 12:51:41.497301,457.62,457.62,45762.0,CARD,1
TXN10067,2025-12-01 23:17:41.497301,12.42,12.42,1242.0,UPI,0
TXN10068,2025-11-08 12:58:41.497301,37.21,37.21,3721.0,CARD,0
TXN10069,2025-11-27 15:18:41.497301,43.7,43.7,4370.0,UPI,0
TXN10070,2025-11-11 07:41:41.497301,12.15,12.15,1215.0,CASH,0
TXN10071,2025-11-16 07:36:41.497301,19.38,19.38,1938.0,CARD,0
TXN10072,2025-11-15 13:35:41.497301,43.31,43.31,4331.0,UPI,0
TXN10073,2025-11-17 12:54:41.497301,28.25,28.25,2825.0,CARD,0
TXN10074,2025-11-20 10:28:41.497301,46.11,46.11,4611.0,CASH,0
TXN10075,2025-11-14 10:14:41.497301,17.54,17.54,1754.0,UPI,0
TXN10076,2025-11-26 08:40:41.497301,14.23,14.23,1423.0,CASH,0
TXN10077,2025-11-13 17:18:41.497301,39.27,39.27,3927.0,UPI,0
TXN10078,2025-12-01 10:10:41.497301,43.38,43.38,4338.0,UPI,0
TXN10079,2025-11-29 18:19:41.497301,8.92,8.92,892.0,CASH,0
TXN10080,2025-11-25 19:03:41.497301,209.27,209.27,20927.0,UPI,1
TXN10081,2025-11-21 05:05:41.497301,19.62,19.62,1962.0,CASH,0
TXN10082,2025-11-05 23:55:41.497301,6.35,6.35,635.0,CASH,0
TXN10083,2025-11-13 19:44:41.497301,30.84,30.84,3084.0,UPI,0
TXN10084,2025-12-03 02:47:41.497301,15.45,15.45,1545.0,UPI,0
TXN10085,2025-11-24 20:41:41.497301,6.44,6.44,644.0,CARD,0
TXN10086,2025-11-19 14:32:41.497301,1.05,1.05,105.0,CASH,0
TXN10087,2025-11-24 13:15:41.497301,40.38,40.38,4038.0,CASH,0
TXN10088,2025-11-17 20:04:41.497301,29.9,29.9,2990.0,CARD,0
TXN10089,2025-11-18 10:45:41.497301,25.39,25.39,2539.0,CARD,0
TXN10090,2025-11-26 02:58:41.497301,15.78,15.78,1578.0,CARD,0
TXN10091,2025-11-10 12:03:41.497301,16.54,16.54,1654.0,UPI,0
TXN10092,2025-11-12 08:27:41.497301,18.72,18.72,1872.0,CASH,0
TXN10093,2025-11-07 08:57:41.497301,2.41,2.41,241.0,CARD,0
TXN10094,2025-12-02 06:44:41.497301,34.56,34.56,3456.0,UPI,0
TXN10095,2025-11-17 19:42:41.497301,21.97,21.97,2197.0,CARD,0
TXN10096,2025-11-07 09:38:41.497301,29.22,29.22,2922.0,CARD,0
TXN10097,2025-11-11 19:23:41.497301,34.89,34.89,3489.0,CARD,0
TXN10098,2025-11-11 20:53:41.497301,47.54,47.54,4754.0,CARD,0
TXN10099,2025-11-18 22:09:41.497301,32.79,32.79,3279.0,CARD,0
TXN10100,2025-11-18 08:23:41.497301,48.65,48.65,4865.0,CASH,0
TXN10101,2025-11-25 08:24:41.497301,6.03,6.03,603.0,UPI,0
TXN10102,2025-11-16 23:32:41.497301,8.22,8.22,822.0,UPI,0
TXN10103,2025-11-09 21:01:41.497301,339.94,339.94,33994.0,CARD,1
TXN10104,2025-11-08 20:43:41.497301,28.41,28.41,2841.0,UPI,0
TXN10105,2025-11-25 18:42:41.497301,8.73,8.73,873.0,UPI,0
TXN10106,2025-11-24 07:21:41.497301,11.33,11.33,1133.0,CARD,0
TXN10107,2025-11-13 07:22:41.497301,10.12,10.12,1012.0,CASH,0
TXN10108,2025-11-10 00:36:41.497301,3.2,3.2,320.0,CARD,0
TXN10109,2025-11-08 11:44:41.497301,34.34,34.34,3434.0,UPI,0
TXN10110,2025-11-19 20:51:41.497301,2.28,2.28,228.0,UPI,0
TXN10111,2025-11-28 03:29:41.497301,48.9,48.9,4890.0,CASH,0
TXN10112,2025-11-28 11:07:41.497301,33.79,33.79,3379.0,UPI,0
TXN10113,2025-11-14 11:06:41.497301,16.29,16.29,1629.0,CARD,0
TXN10114,2025-11-07 18:44:41.497301,17.37,17.37,1737.0,CASH,0
TXN10115,2025-11-28 22:01:41.497301,30.78,30.78,3078.0,CASH,0
TXN10116,2025-11-26 05:18:41.497301,49.73,49.73,4973.0,CASH,0
TXN10117,2025-11-24 01:37:41.497301,9.09,9.09,909.0,CASH,0
TXN10118,2025-11-05 18:43:41.497301,25.51,25.51,2551.0,CARD,0
TXN10119,2025-11-26 08:46:41.497301,17.23,17.23,1723.0,CASH,0
TXN10120,2025-11-20 20:33:41.497301,26.32,26.32,2632.0,CARD,0
TXN10121,2025-11-20 11:10:41.497301,7.23,7.23,723.0,UPI,0
TXN10122,2025-11-18 23:48:41.497301,29.41,29.41,2941.0,UPI,0
TXN10123,2025-11-29 23:26:41.497301,26.99,26.99,2699.0,CARD,0
TXN10124,2025-11-29 18:23:41.497301,7.23,7.23,723.0,CASH,0
TXN10125,2025-12-01 03:38:41.497301,365.07,365.07,36507.0,UPI,1
TXN10126,2025-11-15 09:54:41.497301,14.47,14.47,1447.0,UPI,0
TXN10127,2025-11-24 15:47:41.497301,41.47,41.47,4147.0,CASH,0
TXN10128,2025-11-19 13:45:41.497301,48.46,48.46,4846.0,CASH,0
TXN10129,2025-11-11 09:26:41.497301,25.18,25.18,2518.0,CARD,0
TXN10130,2025-11-15 04:54:41.497301,20.45,20.45,2045.0,CASH,0
TXN10131,2025-11-09 07:51:41.497301,23.25,23.25,2325.0,UPI,0
TXN10132,2025-11-07 04:10:41.497301,24.99,24.99,2499.0,CARD,0
TXN10133,2025-11-20 11:22:41.497301,3.74,3.74,374.0,UPI,0
TXN10134,2025-11-07 11:52:41.497301,32.77,32.77,3277.0,CARD,0
TXN10135,2025-11-30 13:48:41.497301,3.38,3.38,338.0,CARD,0
TXN10136,2025-11-09 21:11:41.497301,42.36,42.36,4236.0,CARD,0
TXN10137,2025-11-26 17:14:41.497301,38.59,38.59,3859.0,UPI,0
TXN10138,2025-11-18 04:45:41.497301,3.02,3.02,302.0,CASH,0
TXN10139,2025-11-22 02:26:41.497301,14.98,14.98,1498.0,CASH,0
TXN10140,2025-12-01 02:58:41.497301,6.45,6.45,838.55,CARD,1
TXN10141,2025-11-06 14:23:41.497301,3.55,3.55,355.0,UPI,0
TXN10142,2025-11-29 13:16:41.497301,42.46,42.46,4246.0,CASH,0
TXN10143,2025-11-30 12:23:41.497301,41.01,41.01,4101.0,CASH,0
TXN10144,2025-11-17 18:17:41.497301,18.13,18.13,2291.56,CARD,1
TXN10145,2025-11-07 11:45:41.497301,35.82,35.82,3582.0,CASH,0
TXN10146,2025-12-02 12:40:41.497301,14.49,14.49,1449.0,UPI,0
TXN10147,2025-11-13 13:47:41.497301,6.47,6.47,647.0,CASH,0
TXN10148,2025-11-21 05:58:41.497301,3.58,3.58,358.0,CARD,0
TXN10149,2025-11-09 11:06:41.497301,43.69,43.69,4369.0,CASH,0
TXN10150,2025-11-27 15:38:41.497301,41.42,41.42,4142.0,UPI,0
TXN10151,2025-11-20 16:01:41.497301,29.58,29.58,2958.0,CARD,0
TXN10152,2025-11-07 18:05:41.497301,49.8,49.8,4980.0,CASH,0
TXN10153,2025-11-09 00:16:41.497301,17.86,17.86,1786.0,CARD,0
TXN10154,2025-11-16 16:27:41.497301,41.63,41.63,4163.0,UPI,0
TXN10155,2025-11-30 14:09:41.497301,11.66,11.66,1166.0,CARD,0
TXN10156,2025-11-15 06:33:41.497301,47.43,47.43,4743.0,CARD,0
TXN10157,2025-12-02 06:13:41.497301,44.19,44.19,4419.0,UPI,0
TXN10158,2025-11-12 15:10:41.497301,49.64,49.64,4964.0,CARD,0
TXN10159,2025-11-14 10:07:41.497301,18.0,18.0,1800.0,UPI,0
TXN10160,2025-11-27 08:59:41.497301,23.08,23.08,2308.0,UPI,0
TXN10161,2025-11-17 23:00:41.497301,27.99,27.99,2799.0,CASH,0
TXN10162,2025-11-28 01:25:41.497301,33.21,33.21,3321.0,CASH,0
TXN10163,2025-12-01 23:04:41.497301,17.87,17.87,1787.0,CARD,0
TXN10164,2025-11-24 02:07:41.497301,33.38,33.38,3338.0,CARD,0
TXN10165,2025-12-01 09:33:41.497301,244.47,244.47,24447.0,CARD,1
TXN10166,2025-11-21 11:45:41.497301,21.73,21.73,2173.0,UPI,0
TXN10167,2025-11-27 20:16:41.497301,42.74,42.74,4274.0,CARD,0
TXN10168,2025-12-02 12:47:41.497301,6.5,6.5,650.0,CARD,0
TXN10169,2025-11-07 02:07:41.497301,12.09,12.09,1209.0,CASH,0
TXN10170,2025-11-12 00:50:41.497301,46.58,46.58,4658.0,UPI,0
TXN10171,2025-11-30 21:04:41.497301,45.24,45.24,4524.0,CARD,0
TXN10172,2025-11-18 02:54:41.497301,12.09,12.09,1209.0,UPI,0
TXN10173,2025-11-10 09:54:41.497301,7.32,7.32,732.0,CARD,0
TXN10174,2025-11-24 20:54:41.497301,45.51,45.51,4551.0,UPI,0
TXN10175,2025-11-06 10:24:41.497301,22.48,22.48,2248.0,CASH,0
TXN10176,2025-11-27 20:10:41.497301,16.27,16.27,1627.0,CASH,0
TXN10177,2025-11-11 07:42:41.497301,39.9,39.9,3990.0,UPI,0
TXN10178,2025-11-26 14:00:41.497301,19.5,19.5,1950.0,CARD,0
TXN10179,2025-11-24 12:26:41.497301,10.0,10.0,1000.0,CARD,1
TXN10180,2025-11-14 04:59:41.497301,1.69,1.69,169.0,CASH,0
TXN10181,2025-12-02 22:41:41.497301,7.41,7.41,741.0,CASH,0
TXN10182,2025-11-05 13:25:41.497301,48.28,48.28,4828.0,UPI,0
TXN10183,2025-11-17 07:24:41.497301,33.27,33.27,3327.0,UPI,0
TXN10184,2025-11-24 05:02:41.497301,47.01,47.01,4701.0,CASH,0
TXN10185,2025-11-26 17:06:41.497301,13.94,13.94,1394.0,CARD,0
TXN10186,2025-11-25 05:36:41.497301,16.96,16.96,1696.0,CASH,0
TXN10187,2025-11-17 21:13:41.497301,8.69,8.69,869.0,CASH,0
TXN10188,2025-11-12 17:56:41.497301,40.42,40.42,4042.0,CASH,0
TXN10189,2025-12-02 06:28:41.497301,48.47,48.47,4847.0,UPI,0
TXN10190,2025-11-24 02:18:41.497301,48.54,48.54,4854.0,CARD,0
TXN10191,2025-11-24 09:57:41.497301,46.08,46.08,4608.0,CASH,0
TXN10192,2025-11-22 15:54:41.497301,37.96,37.96,3796.0,CASH,0
TXN10193,2025-11-29 09:52:41.497301,14.83,14.83,1483.0,CASH,0
TXN10194,2025-11-14 04:04:41.497301,34.24,34.24,3424.0,CARD,0
TXN10195,2025-11-20 18:56:41.497301,9.07,9.07,907.0,CASH,0
TXN10196,2025-11-12 13:13:41.497301,41.86,41.86,4186.0,CARD,0
TXN10197,2025-11-15 20:48:41.497301,46.11,46.11,4611.0,CASH,0
TXN10198,2025-11-28 16:58:41.497301,43.88,43.88,4388.0,CARD,0
TXN10199,2025-11-05 18:10:41.497301,7.05,7.05,705.0,UPI,0
TXN10200,2025-11-23 18:07:41.497301,35.65,35.65,3565.0,CASH,0
TXN10201,2025-11-29 13:19:41.497301,40.34,40.34,4034.0,CARD,0
TXN10202,2025-11-14 14:29:41.497301,47.71,47.71,4771.0,CARD,0
TXN10203,2025-11-23 03:31:41.497301,24.84,24.84,2484.0,UPI,0
TXN10204,2025-11-27 00:57:41.497301,31.35,31.35,3135.0,CASH,0
TXN10205,2025-11-25 06:33:41.497301,29.8,29.8,2980.0,CARD,0
TXN10206,2025-11-07 02:56:41.497301,23.47,23.47,2547.28,UPI,1
TXN10207,2025-12-01 04:44:41.497301,12.35,12.35,1235.0,CARD,0
TXN10208,2025-12-01 17:43:41.497301,27.73,27.73,2773.0,UPI,0
TXN10209,2025-11-26 18:48:41.497301,7.02,7.02,702.0,CARD,0
TXN10210,2025-12-02 07:17:41.497301,38.28,38.28,3828.0,CARD,0
TXN10211,2025-11-26 09:36:41.497301,20.0,20.0,2000.0,UPI,0
TXN10212,2025-11-27 16:39:41.497301,21.5,21.5,2150.0,CARD,0
TXN10213,2025-11-15 09:08:41.497301,34.78,34.78,3478.0,CARD,0
TXN10214,2025-11-19 13:13:41.497301,20.7,20.7,2070.0,UPI,0
TXN10215,2025-11-05 10:58:41.497301,38.57,38.57,3857.0,UPI,0
TXN10216,2025-11-10 22:16:41.497301,45.7,45.7,4570.0,UPI,0
TXN10217,2025-11-14 13:54:41.497301,34.49,34.49,3449.0,UPI,0
TXN10218,2025-12-01 23:06:41.497301,13.05,13.05,1305.0,UPI,0
TXN10219,2025-11-06 00:42:41.497301,26.03,26.03,2603.0,UPI,0
TXN10220,2025-11-08 04:35:41.497301,30.68,30.68,3449.87,CARD,1
TXN10221,2025-11-22 01:46:41.497301,11.77,11.77,1177.0,UPI,0
TXN10222,2025-11-13 05:03:41.497301,11.75,11.75,1175.0,CASH,0
TXN10223,2025-11-25 12:55:41.497301,47.55,47.55,4755.0,UPI,0
TXN10224,2025-11-24 11:25:41.497301,18.77,18.77,1877.0,UPI,0
TXN10225,2025-11-10 21:22:41.497301,4.9,4.9,490.0,CASH,0
TXN10226,2025-11-23 08:28:41.497301,28.88,28.88,2888.0,CASH,0
TXN10227,2025-11-16 22:54:41.497301,43.97,43.97,4397.0,CASH,0
TXN10228,2025-11-15 23:17:41.497301,7.44,7.44,744.0,CASH,0
TXN10229,2025-12-01 15:56:41.497301,10.16,10.16,1016.0,UPI,0
TXN10230,2025-11-30 03:43:41.497301,19.85,19.85,1985.0,CARD,0
TXN10231,2025-11-19 14:14:41.497301,44.84,44.84,4484.0,CASH,0
TXN10232,2025-11-08 05:37:41.497301,31.04,31.04,3104.0,CARD,0
TXN10233,2025-11-24 20:26:41.497301,15.82,15.82,1582.0,CASH,0
TXN10234,2025-11-06 10:11:41.497301,34.61,34.61,3461.0,CARD,0
TXN10235,2025-11-23 23:02:41.497301,5.68,5.68,568.0,CASH,0
TXN10236,2025-11-26 14:07:41.497301,4.78,4.78,478.0,CASH,0
TXN10237,2025-11-13 10:31:41.497301,26.91,26.91,2691.0,CARD,0
TXN10238,2025-11-30 17:22:41.497301,9.73,9.73,973.0,CARD,0
TXN10239,2025-11-07 07:30:41.497301,3.64,3.64,364.0,UPI,0
TXN10240,2025-11-24 08:01:41.497301,46.87,46.87,4687.0,CASH,0
TXN10241,2025-11-09 14:04:41.497301,3.86,3.86,386.0,CARD,0
TXN10242,2025-12-01 16:34:41.497301,3.67,3.67,367.0,UPI,0
TXN10243,2025-12-01 08:53:41.497301,45.86,45.86,4586.0,UPI,0
TXN10244,2025-11-27 07:32:41.497301,29.92,29.92,2992.0,CASH,0
TXN10245,2025-11-22 12:10:41.497301,36.18,36.18,3618.0,UPI,0
TXN10246,2025-11-28 02:53:41.497301,28.69,28.69,2869.0,UPI,0
TXN10247,2025-11-19 23:00:41.497301,11.72,11.72,1172.0,CARD,0
TXN10248,2025-11-09 04:28:41.497301,42.32,42.32,4232.0,CARD,0
TXN10249,2025-12-02 16:29:41.497301,36.83,36.83,3683.0,UPI,0
TXN10250,2025-11-22 06:20:41.497301,36.12,36.12,3721.75,CARD,1
TXN10251,2025-12-02 08:58:41.497301,4.69,4.69,469.0,CASH,0
TXN10252,2025-11-10 09:41:41.497301,23.77,23.77,2377.0,CARD,0
TXN10253,2025-11-16 21:11:41.497301,25.34,25.34,2534.0,CASH,0
TXN10254,2025-11-10 19:25:41.497301,6.68,6.68,668.0,UPI,0
TXN10255,2025-12-02 08:24:41.497301,6.77,6.77,677.0,CASH,0
TXN10256,2025-11-22 09:56:41.497301,15.69,15.69,1569.0,UPI,0
TXN10257,2025-11-28 03:05:41.497301,34.75,34.75,3475.0,UPI,0
TXN10258,2025-11-10 06:54:41.497301,30.19,30.19,3019.0,CARD,0
TXN10259,2025-11-26 13:10:41.497301,2.14,2.14,214.0,UPI,0
TXN10260,2025-11-28 07:27:41.497301,7.27,7.27,727.0,CASH,0
TXN10261,2025-11-28 05:59:41.497301,47.05,47.05,4705.0,CARD,0
TXN10262,2025-11-07 01:28:41.497301,43.11,43.11,4311.0,CARD,0
TXN10263,2025-11-15 06:03:41.497301,324.21,324.21,32421.0,UPI,1
TXN10264,2025-11-06 09:47:41.497301,3.23,3.23,323.0,CASH,0
TXN10265,2025-11-18 10:18:41.497301,28.75,28.75,2875.0,CASH,0
TXN10266,2025-11-16 10:28:41.497301,5.12,5.12,512.0,CARD,0
TXN10267,2025-11-28 09:39:41.497301,29.91,29.91,2991.0,UPI,0
TXN10268,2025-11-26 11:30:41.497301,2.39,2.39,239.0,UPI,0
TXN10269,2025-11-11 15:52:41.497301,39.36,39.36,3936.0,CASH,0
TXN10270,2025-11-26 18:40:41.497301,18.75,18.75,1875.0,UPI,0
TXN10271,2025-11-08 01:43:41.497301,36.68,36.68,3668.0,CARD,0
TXN10272,2025-11-07 14:34:41.497301,14.6,14.6,1460.0,CASH,0
TXN10273,2025-11-13 03:07:41.497301,32.75,32.75,3275.0,CASH,0
TXN10274,2025-11-22 23:29:41.497301,32.06,32.06,3206.0,CASH,0
TXN10275,2025-11-27 20:41:41.497301,28.93,28.93,2893.0,UPI,0
TXN10276,2025-11-10 23:42:41.497301,35.47,35.47,3547.0,CARD,0
TXN10277,2025-12-01 13:54:41.497301,32.06,32.06,3206.0,UPI,0
TXN10278,2025-11-26 20:42:41.497301,45.99,45.99,4599.0,UPI,0
TXN10279,2025-11-24 19:40:41.497301,45.23,45.23,4523.0,CASH,0
TXN10280,2025-11-22 23:44:41.497301,18.27,18.27,1827.0,UPI,0
TXN10281,2025-11-27 04:19:41.497301,35.12,35.12,3708.59,UPI,1
TXN10282,2025-11-20 05:58:41.497301,47.98,47.98,4798.0,UPI,0
TXN10283,2025-11-15 21:01:41.497301,17.47,17.47,1747.0,CARD,0
TXN10284,2025-11-13 07:46:41.497301,26.9,26.9,2690.0,CARD,0
TXN10285,2025-11-24 22:04:41.497301,5.94,5.94,594.0,UPI,0
TXN10286,2025-11-14 06:26:41.497301,28.1,28.1,2810.0,UPI,0
TXN10287,2025-11-18 18:05:41.497301,3.43,3.43,343.0,CARD,0
TXN10288,2025-11-21 08:54:41.497301,30.02,30.02,3002.0,CASH,0
TXN10289,2025-12-02 14:51:41.497301,21.37,21.37,2137.0,CASH,0
TXN10290,2025-11-30 04:20:41.497301,42.64,42.64,4264.0,CARD,0
TXN10291,2025-11-18 13:01:41.497301,31.95,31.95,3195.0,CARD,0
TXN10292,2025-11-20 21:47:41.497301,13.13,13.13,1313.0,CARD,0
TXN10293,2025-11-21 23:33:41.497301,48.27,48.27,4827.0,CASH,0
TXN10294,2025-11-06 07:36:41.497301,13.43,13.43,1343.0,UPI,0
TXN10295,2025-11-30 02:03:41.497301,34.4,34.4,3440.0,CARD,0
TXN10296,2025-12-02 10:03:41.497301,440.93,440.93,44093.0,UPI,1
TXN10297,2025-11-17 18:26:41.497301,34.0,34.0,3400.0,CARD,0
TXN10298,2025-11-20 22:19:41.497301,24.42,24.42,2442.0,CASH,0
TXN10299,2025-11-22 09:34:41.497301,16.2,16.2,1620.0,UPI,0
TXN10300,2025-12-01 16:37:41.497301,11.98,11.98,1198.0,UPI,0
TXN10301,2025-11-26 11:35:41.497301,14.38,14.38,1438.0,CARD,0
TXN10302,2025-11-18 11:45:41.497301,25.31,25.31,2531.0,CASH,0
TXN10303,2025-11-24 02:39:41.497301,15.55,15.55,1555.0,CARD,0
TXN10304,2025-11-26 21:29:41.497301,2.68,2.68,268.0,CARD,0
TXN10305,2025-11-08 13:14:41.497301,3.44,3.44,344.0,CARD,0
TXN10306,2025-11-20 22:15:41.497301,46.02,46.02,4602.0,UPI,0
TXN10307,2025-12-02 19:01:41.497301,35.82,35.82,3582.0,CASH,0
TXN10308,2025-11-23 03:29:41.497301,3.27,3.27,327.0,UPI,0
TXN10309,2025-11-07 13:35:41.497301,19.35,19.35,1935.0,UPI,0
TXN10310,2025-11-09 03:16:41.497301,22.25,22.25,2225.0,CASH,0
TXN10311,2025-11-14 10:24:41.497301,36.63,36.63,3663.0,UPI,0
TXN10312,2025-11-13 12:47:41.497301,25.16,25.16,2516.0,UPI,0
TXN10313,2025-11-09 17:01:41.497301,46.54,46.54,4654.0,CARD,0
TXN10314,2025-11-18 09:02:41.497301,27.06,27.06,2706.0,CARD,0
TXN10315,2025-11-09 02:01:41.497301,25.08,25.08,2508.0,UPI,0
TXN10316,2025-11-09 14:57:41.497301,22.35,22.35,2235.0,UPI,0
TXN10317,2025-11-06 01:01:41.497301,25.92,25.92,2592.0,CARD,0
TXN10318,2025-11-30 05:46:41.497301,44.9,44.9,4971.08,CARD,1
TXN10319,2025-11-11 15:31:41.497301,16.71,16.71,1671.0,CASH,0
TXN10320,2025-11-14 02:54:41.497301,34.06,34.06,3406.0,CASH,0
TXN10321,2025-11-28 18:57:41.497301,20.91,20.91,2091.0,UPI,0
TXN10322,2025-11-06 05:52:41.497301,25.29,25.29,2529.0,CARD,0
TXN10323,2025-11-29 00:51:41.497301,15.33,15.33,1533.0,UPI,0
TXN10324,2025-11-13 23:45:41.497301,10.23,10.23,1023.0,CASH,0
TXN10325,2025-12-01 23:25:41.497301,2.67,2.67,267.0,UPI,0
TXN10326,2025-11-29 17:05:41.497301,34.37,34.37,3437.0,CARD,0
TXN10327,2025-11-25 02:11:41.497301,1.07,1.07,107.0,CARD,0
TXN10328,2025-11-06 19:36:41.497301,17.71,17.71,1771.0,CARD,0
TXN10329,2025-11-30 13:54:41.497301,35.47,35.47,3547.0,CARD,0
TXN10330,2025-11-21 10:33:41.497301,4.75,4.75,475.0,UPI,0
TXN10331,2025-11-25 17:11:41.497301,19.2,19.2,1920.0,CARD,0
TXN10332,2025-11-30 11:26:41.497301,29.64,29.64,2964.0,CASH,0
TXN10333,2025-11-18 05:29:41.497301,6.24,6.24,624.0,CARD,0
TXN10334,2025-12-02 14:59:41.497301,10.0,10.0,1000.0,UPI,1
TXN10335,2025-12-02 14:16:41.497301,11.34,11.34,1134.0,CARD,0
TXN10336,2025-11-20 04:29:41.497301,17.57,17.57,1757.0,UPI,0
TXN10337,2025-11-25 13:23:41.497301,14.7,14.7,1470.0,CASH,0
TXN10338,2025-11-07 19:54:41.497301,21.42,21.42,2142.0,CARD,0
TXN10339,2025-11-18 13:05:41.497301,15.49,15.49,1549.0,CASH,0
TXN10340,2025-11-08 13:14:41.497301,14.7,14.7,1470.0,CARD,0
TXN10341,2025-12-01 22:20:41.497301,17.67,17.67,1767.0,CARD,0
TXN10342,2025-11-13 00:37:41.497301,48.61,48.61,4861.0,UPI,0
TXN10343,2025-11-27 14:51:41.497301,12.34,12.34,1234.0,CASH,0
TXN10344,2025-11-24 17:50:41.497301,33.25,33.25,3325.0,CASH,0
TXN10345,2025-11-11 15:10:41.497301,11.46,11.46,1146.0,UPI,0
TXN10346,2025-11-14 17:32:41.497301,2.15,2.15,215.0,CARD,0
TXN10347,2025-11-29 19:59:41.497301,21.66,21.66,2166.0,CARD,0
TXN10348,2025-11-15 10:41:41.497301,13.42,13.42,1479.22,CARD,1
TXN10349,2025-11-21 08:12:41.497301,27.71,27.71,2771.0,CASH,0
TXN10350,2025-11-13 18:42:41.497301,14.99,14.99,1499.0,UPI,0
TXN10351,2025-11-06 20:04:41.497301,25.0,25.0,2500.0,CASH,0
TXN10352,2025-11-18 11:09:41.497301,48.03,48.03,4803.0,CARD,0
TXN10353,2025-11-07 18:25:41.497301,3.61,3.61,361.0,CASH,0
TXN10354,2025-11-10 15:28:41.497301,46.65,46.65,4665.0,CASH,0
TXN10355,2025-11-22 22:27:41.497301,47.06,47.06,4706.0,UPI,0
TXN10356,2025-11-26 21:39:41.497301,24.26,24.26,2426.0,CASH,0
TXN10357,2025-11-05 14:28:41.497301,43.5,43.5,4350.0,CARD,0
TXN10358,2025-11-13 04:19:41.497301,22.1,22.1,2210.0,UPI,0
TXN10359,2025-11-05 17:39:41.497301,10.49,10.49,1049.0,CASH,0
TXN10360,2025-11-26 09:32:41.497301,367.69,367.69,36769.0,CARD,1
TXN10361,2025-12-01 10:44:41.497301,46.7,46.7,4670.0,CARD,0
TXN10362,2025-11-09 18:13:41.497301,5.04,5.04,504.0,CARD,0
TXN10363,2025-11-16 18:20:41.497301,3.6,3.6,360.0,CARD,0
TXN10364,2025-11-24 14:54:41.497301,30.23,30.23,3023.0,UPI,0
TXN10365,2025-12-02 15:12:41.497301,13.66,13.66,1366.0,UPI,0
TXN10366,2025-11-15 19:20:41.497301,11.85,11.85,1185.0,CARD,0
TXN10367,2025-11-24 02:58:41.497301,39.9,39.9,3990.0,CARD,0
TXN10368,2025-11-10 06:45:41.497301,42.66,42.66,4266.0,CARD,0
TXN10369,2025-11-12 01:57:41.497301,36.8,36.8,3680.0,UPI,0
TXN10370,2025-11-26 13:36:41.497301,17.62,17.62,1762.0,CARD,0
TXN10371,2025-11-14 19:13:41.497301,18.21,18.21,1821.0,CARD,0
TXN10372,2025-11-23 08:48:41.497301,42.43,42.43,4243.0,UPI,0
TXN10373,2025-11-21 22:09:41.497301,12.67,12.67,1267.0,CARD,0
TXN10374,2025-12-02 18:27:41.497301,35.69,35.69,3697.53,CARD,1
TXN10375,2025-11-27 03:46:41.497301,13.09,13.09,1309.0,CASH,0
TXN10376,2025-11-30 22:39:41.497301,47.4,47.4,4856.46,CARD,1
TXN10377,2025-11-18 15:14:41.497301,3.56,3.56,356.0,CASH,0
TXN10378,2025-11-18 16:39:41.497301,45.84,45.84,4584.0,CASH,0
TXN10379,2025-11-15 10:47:41.497301,17.79,17.79,1779.0,CASH,0
TXN10380,2025-12-03 00:45:41.497301,16.32,16.32,1632.0,UPI,0
TXN10381,2025-11-20 23:10:41.497301,48.85,48.85,4885.0,CARD,0
TXN10382,2025-11-09 22:17:41.497301,30.89,30.89,3089.0,CARD,0
TXN10383,2025-11-10 06:44:41.497301,43.85,43.85,4385.0,CASH,0
TXN10384,2025-11-07 00:34:41.497301,19.97,19.97,1997.0,UPI,0
TXN10385,2025-11-20 21:18:41.497301,7.84,7.84,784.0,CARD,0
TXN10386,2025-11-29 02:15:41.497301,49.11,49.11,4911.0,CASH,0
TXN10387,2025-11-18 11:33:41.497301,44.73,44.73,4473.0,CARD,0
TXN10388,2025-11-09 15:37:41.497301,36.66,36.66,3666.0,CASH,0
TXN10389,2025-11-05 20:45:41.497301,45.11,45.11,4511.0,CARD,0
TXN10390,2025-11-19 19:24:41.497301,18.41,18.41,1841.0,CARD,0
TXN10391,2025-11-21 18:19:41.497301,20.06,20.06,2006.0,UPI,0
TXN10392,2025-11-15 10:25:41.497301,26.17,26.17,2617.0,UPI,0
TXN10393,2025-11-06 15:46:41.497301,6.44,6.44,644.0,CASH,0
TXN10394,2025-11-06 00:47:41.497301,20.92,20.92,2092.0,UPI,0
TXN10395,2025-11-29 11:33:41.497301,48.47,48.47,4847.0,CASH,0
TXN10396,2025-11-29 09:44:41.497301,21.41,21.41,2141.0,CARD,0
TXN10397,2025-11-23 03:07:41.497301,31.87,31.87,3187.0,UPI,0
TXN10398,2025-11-28 08:35:41.497301,49.1,49.1,4910.0,UPI,0
TXN10399,2025-11-23 02:05:41.497301,45.73,45.73,4573.0,UPI,0
TXN10400,2025-11-12 05:58:41.497301,8.87,8.87,887.0,CASH,0
TXN10401,2025-11-20 13:45:41.497301,13.44,13.44,1344.0,CASH,0
TXN10402,2025-11-10 04:40:41.497301,4.12,4.12,412.0,CARD,0
TXN10403,2025-11-05 20:20:41.497301,42.96,42.96,4296.0,CARD,0
TXN10404,2025-11-21 08:19:41.497301,35.99,35.99,3599.0,UPI,0
TXN10405,2025-11-29 14:06:41.497301,43.2,43.2,4320.0,UPI,0
TXN10406,2025-11-29 22:49:41.497301,1.52,1.52,152.0,CASH,0
TXN10407,2025-11-21 01:54:41.497301,35.74,35.74,3574.0,CARD,0
TXN10408,2025-11-24 00:09:41.497301,40.5,40.5,4050.0,CARD,0
TXN10409,2025-11-21 23:05:41.497301,17.17,17.17,1717.0,CARD,0
TXN10410,2025-11-24 04:06:41.497301,16.23,16.23,1623.0,UPI,0
TXN10411,2025-11-30 20:35:41.497301,45.84,45.84,4584.0,CARD,0
TXN10412,2025-11-08 09:56:41.497301,35.98,35.98,3598.0,CASH,0
TXN10413,2025-12-01 02:20:41.497301,14.32,14.32,1432.0,CARD,0
TXN10414,2025-11-27 09:11:41.497301,36.6,36.6,3660.0,CARD,0
TXN10415,2025-11-16 00:40:41.497301,32.69,32.69,3269.0,UPI,0
TXN10416,2025-11-23 01:53:41.497301,39.48,39.48,3948.0,UPI,0
TXN10417,2025-11-15 08:49:41.497301,5.07,5.07,507.0,UPI,0
TXN10418,2025-11-16 15:15:41.497301,19.92,19.92,1992.0,CASH,0
TXN10419,2025-11-17 05:48:41.497301,47.64,47.64,4764.0,CARD,0
TXN10420,2025-12-01 15:06:41.497301,1.97,1.97,197.0,CASH,0
TXN10421,2025-11-21 12:06:41.497301,42.13,42.13,4213.0,CARD,0
TXN10422,2025-11-14 19:48:41.497301,40.85,40.85,4085.0,CARD,0
TXN10423,2025-11-15 13:53:41.497301,5.45,5.45,545.0,CASH,0
TXN10424,2025-11-05 15:16:41.497301,17.34,17.34,1734.0,CASH,0
TXN10425,2025-11-17 19:35:41.497301,12.54,12.54,1254.0,CARD,0
TXN10426,2025-11-25 13:10:41.497301,48.96,48.96,4896.0,CARD,0
TXN10427,2025-11-15 10:35:41.497301,19.87,19.87,1987.0,CASH,0
TXN10428,2025-11-09 09:02:41.497301,41.48,41.48,4148.0,CARD,0
TXN10429,2025-11-13 02:29:41.497301,32.82,32.82,3282.0,UPI,0
TXN10430,2025-11-25 22:05:41.497301,38.43,38.43,3843.0,CASH,0
TXN10431,2025-11-15 01:53:41.497301,22.36,22.36,2236.0,CASH,0
TXN10432,2025-11-08 09:51:41.497301,49.66,49.66,4966.0,CASH,0
TXN10433,2025-11-15 11:06:41.497301,6.32,6.32,632.0,CASH,0
TXN10434,2025-11-26 02:31:41.497301,34.27,34.27,3427.0,UPI,0
TXN10435,2025-11-11 17:09:41.497301,11.75,11.75,1175.0,CASH,0
TXN10436,2025-11-23 07:45:41.497301,33.52,33.52,3352.0,UPI,0
TXN10437,2025-11-14 10:16:41.497301,13.0,13.0,1300.0,UPI,0
TXN10438,2025-12-01 03:17:41.497301,371.46,371.46,37146.0,UPI,1
TXN10439,2025-11-25 04:03:41.497301,10.81,10.81,1081.0,UPI,0
TXN10440,2025-11-08 04:03:41.497301,20.56,20.56,2056.0,CARD,0
TXN10441,2025-11-22 14:57:41.497301,21.52,21.52,2152.0,CARD,0
TXN10442,2025-11-19 15:21:41.497301,16.2,16.2,1620.0,UPI,0
TXN10443,2025-11-27 20:50:41.497301,3.71,3.71,371.0,CARD,0
TXN10444,2025-11-16 17:53:41.497301,44.03,44.03,4403.0,CARD,0
TXN10445,2025-11-16 05:18:41.497301,49.68,49.68,4968.0,CASH,0
TXN10446,2025-11-16 21:24:41.497301,24.47,24.47,2865.34,UPI,1
TXN10447,2025-11-20 06:43:41.497301,4.24,4.24,424.0,CASH,0
TXN10448,2025-11-07 18:36:41.497301,49.49,49.49,4949.0,UPI,0
TXN10449,2025-11-24 17:14:41.497301,10.0,10.0,1000.0,UPI,1
TXN10450,2025-12-02 13:45:41.497301,12.02,12.02,1202.0,CARD,0
TXN10451,2025-12-02 16:02:41.497301,13.47,13.47,1347.0,CARD,0
TXN10452,2025-11-27 18:23:41.497301,29.1,29.1,2910.0,CASH,0
TXN10453,2025-11-13 01:16:41.497301,48.2,48.2,4820.0,CARD,0
TXN10454,2025-11-08 01:18:41.497301,27.79,27.79,2779.0,UPI,0
TXN10455,2025-11-07 05:14:41.497301,16.12,16.12,1612.0,UPI,0
TXN10456,2025-12-01 17:50:41.497301,39.63,39.63,3963.0,CASH,0
TXN10457,2025-11-27 11:07:41.497301,4.72,4.72,472.0,CARD,0
TXN10458,2025-11-17 01:08:41.497301,28.12,28.12,2812.0,UPI,0
TXN10459,2025-11-05 12:30:41.497301,26.03,26.03,2603.0,CASH,0
TXN10460,2025-11-24 09:41:41.497301,9.1,9.1,910.0,UPI,0
TXN10461,2025-11-26 18:56:41.497301,2.43,2.43,243.0,CARD,0
TXN10462,2025-12-03 03:02:41.497301,43.01,43.01,4301.0,UPI,0
TXN10463,2025-11-28 10:03:41.497301,3.6,3.6,360.0,CARD,0
TXN10464,2025-11-23 22:38:41.497301,13.51,13.51,1351.0,UPI,0
TXN10465,2025-11-28 17:19:41.497301,33.39,33.39,3339.0,UPI,0
TXN10466,2025-11-24 13:14:41.497301,45.02,45.02,4502.0,CASH,0
TXN10467,2025-11-07 23:49:41.497301,2.79,2.79,279.0,CASH,0
TXN10468,2025-12-01 12:55:41.497301,14.57,14.57,1457.0,CASH,0
TXN10469,2025-11-15 21:52:41.497301,42.72,42.72,4272.0,CARD,0
TXN10470,2025-11-19 07:35:41.497301,22.75,22.75,2275.0,CARD,0
TXN10471,2025-11-10 23:24:41.497301,48.47,48.47,4847.0,CARD,0
TXN10472,2025-11-12 11:57:41.497301,24.54,24.54,2454.0,CASH,0
TXN10473,2025-11-08 06:21:41.497301,17.47,17.47,1747.0,CASH,0
TXN10474,2025-11-16 08:39:41.497301,44.87,44.87,4487.0,CASH,0
TXN10475,2025-11-24 09:35:41.497301,2.58,2.58,258.0,CARD,0
TXN10476,2025-11-29 03:45:41.497301,25.51,25.51,2551.0,UPI,0
TXN10477,2025-11-07 18:12:41.497301,5.08,5.08,508.0,CARD,0
TXN10478,2025-11-16 10:20:41.497301,33.22,33.22,3322.0,UPI,0
TXN10479,2025-11-09 11:37:41.497301,44.94,44.94,4494.0,CARD,0
TXN10480,2025-11-27 03:04:41.497301,1.3,1.3,130.0,UPI,0
TXN10481,2025-11-15 14:14:41.497301,28.38,28.38,2838.0,CASH,0
TXN10482,2025-11-19 18:45:41.497301,7.81,7.81,781.0,UPI,0
TXN10483,2025-11-27 11:01:41.497301,42.9,42.9,4290.0,CARD,0
TXN10484,2025-12-01 20:09:41.497301,28.83,28.83,2883.0,CARD,0
TXN10485,2025-11-22 22:37:41.497301,40.03,40.03,4003.0,CARD,0
TXN10486,2025-11-29 16:43:41.497301,47.35,47.35,4735.0,CARD,0
TXN10487,2025-12-01 11:18:41.497301,11.91,11.91,1191.0,CASH,0
TXN10488,2025-11-14 09:08:41.497301,43.6,43.6,4360.0,UPI,0
TXN10489,2025-11-25 23:51:41.497301,34.99,34.99,3499.0,CARD,0
TXN10490,2025-11-16 21:59:41.497301,45.12,45.12,4512.0,CARD,0
TXN10491,2025-11-10 13:07:41.497301,22.34,22.34,2234.0,UPI,0
TXN10492,2025-11-13 22:31:41.497301,10.17,10.17,1017.0,CARD,0
TXN10493,2025-11-23 12:26:41.497301,37.3,37.3,3730.0,UPI,0
TXN10494,2025-11-26 07:32:41.497301,7.22,7.22,722.0,UPI,0
TXN10495,2025-11-17 14:25:41.497301,36.85,36.85,3685.0,UPI,0
TXN10496,2025-11-05 17:18:41.497301,35.06,35.06,3506.0,CARD,0
TXN10497,2025-11-18 15:54:41.497301,31.43,31.43,3143.0,CASH,0
TXN10498,2025-12-03 02:05:41.497301,48.57,48.57,4857.0,UPI,0
TXN10499,2025-12-01 05:33:41.497301,12.46,12.46,1246.0,CARD,0
TXN10500,2025-11-19 20:29:41.497301,12.58,12.58,1258.0,UPI,0
TXN10501,2025-11-06 01:27:41.497301,32.69,32.69,3269.0,UPI,0
TXN10502,2025-11-22 14:35:41.497301,43.1,43.1,4310.0,CARD,0
TXN10503,2025-11-25 18:25:41.497301,18.49,18.49,1849.0,CASH,0
TXN10504,2025-11-16 07:59:41.497301,23.56,23.56,2356.0,CASH,0
TXN10505,2025-12-01 04:05:41.497301,45.59,45.59,4559.0,CARD,0
TXN10506,2025-11-17 15:14:41.497301,7.12,7.12,712.0,UPI,0
TXN10507,2025-11-30 20:47:41.497301,17.27,17.27,1727.0,CARD,0
TXN10508,2025-11-11 14:15:41.497301,19.92,19.92,1992.0,CARD,0
TXN10509,2025-11-11 00:52:41.497301,19.45,19.45,1945.0,CASH,0
TXN10510,2025-11-16 00:38:41.497301,47.45,47.45,4745.0,CARD,0
TXN10511,2025-11-22 04:21:41.497301,39.8,39.8,3980.0,CARD,0
TXN10512,2025-12-01 18:33:41.497301,34.59,34.59,3459.0,CARD,0
TXN10513,2025-11-23 16:15:41.497301,37.99,37.99,3799.0,UPI,0
TXN10514,2025-11-08 19:11:41.497301,25.32,25.32,2532.0,CARD,0
TXN10515,2025-11-21 20:47:41.497301,6.13,6.13,613.0,CARD,0
TXN10516,2025-11-16 02:20:41.497301,29.75,29.75,2975.0,UPI,0
TXN10517,2025-11-24 19:04:41.497301,38.52,38.52,3852.0,CASH,0
TXN10518,2025-11-27 13:03:41.497301,26.15,26.15,2615.0,UPI,0
TXN10519,2025-11-15 18:07:41.497301,11.46,11.46,1146.0,CARD,0
TXN10520,2025-11-12 19:34:41.497301,18.66,18.66,1866.0,CARD,0
TXN10521,2025-11-19 19:49:41.497301,40.88,40.88,4088.0,UPI,0
TXN10522,2025-11-21 05:43:41.497301,40.76,40.76,4076.0,UPI,0
TXN10523,2025-11-24 20:50:41.497301,41.37,41.37,4137.0,UPI,0
TXN10524,2025-11-06 20:26:41.497301,2.17,2.17,217.0,UPI,0
TXN10525,2025-11-09 03:43:41.497301,44.06,44.06,4406.0,CASH,0
TXN10526,2025-11-20 00:46:41.497301,20.78,20.78,2078.0,CASH,0
TXN10527,2025-11-16 17:14:41.497301,8.54,8.54,854.0,CARD,0
TXN10528,2025-11-12 08:12:41.497301,44.78,44.78,4478.0,UPI,0
TXN10529,2025-11-09 13:53:41.497301,36.83,36.83,3683.0,CARD,0
TXN10530,2025-11-13 23:48:41.497301,43.34,43.34,4334.0,CARD,0
TXN10531,2025-11-28 04:57:41.497301,48.54,48.54,4854.0,UPI,0
TXN10532,2025-11-16 19:02:41.497301,46.0,46.0,4600.0,CARD,0
TXN10533,2025-11-08 08:30:41.497301,9.7,9.7,970.0,CASH,0
TXN10534,2025-11-21 04:06:41.497301,40.56,40.56,4056.0,CARD,0
TXN10535,2025-11-17 05:23:41.497301,30.56,30.56,3056.0,CARD,0
TXN10536,2025-11-11 08:54:41.497301,40.56,40.56,4056.0,CARD,0
TXN10537,2025-11-16 10:25:41.497301,9.18,9.18,918.0,CASH,0
TXN10538,2025-11-27 01:27:41.497301,49.79,49.79,4979.0,CARD,0
TXN10539,2025-11-28 20:05:41.497301,30.77,30.77,3077.0,CASH,0
TXN10540,2025-11-12 02:54:41.497301,47.59,47.59,4759.0,CASH,0
TXN10541,2025-11-28 03:19:41.497301,20.03,20.03,2003.0,UPI,0
TXN10542,2025-11-09 09:21:41.497301,5.19,5.19,519.0,UPI,0
TXN10543,2025-11-08 13:17:41.497301,2.46,2.46,246.0,UPI,0
TXN10544,2025-11-20 13:06:41.497301,48.78,48.78,4878.0,CARD,0
TXN10545,2025-11-15 03:43:41.497301,20.59,20.59,2059.0,UPI,0
TXN10546,2025-11-11 01:15:41.497301,30.65,30.65,3065.0,CASH,0
TXN10547,2025-11-19 22:24:41.497301,8.89,8.89,889.0,CARD,0
TXN10548,2025-11-06 20:45:41.497301,49.47,49.47,4947.0,UPI,0
TXN10549,2025-11-20 08:25:41.497301,40.67,40.67,4067.0,CARD,0
TXN10550,2025-11-16 23:57:41.497301,21.85,21.85,2185.0,CARD,0
TXN10551,2025-11-16 16:00:41.497301,16.21,16.21,1621.0,UPI,0
TXN10552,2025-11-09 11:36:41.497301,9.35,9.35,1428.78,CARD,1
TXN10553,2025-11-12 02:05:41.497301,8.43,8.43,843.0,UPI,0
TXN10554,2025-11-21 16:44:41.497301,31.15,31.15,3115.0,CASH,0
TXN10555,2025-11-10 10:53:41.497301,11.14,11.14,1114.0,CARD,0
TXN10556,2025-11-08 00:19:41.497301,7.19,7.19,719.0,UPI,0
TXN10557,2025-11-06 07:52:41.497301,46.39,46.39,4639.0,CASH,0
TXN10558,2025-11-29 15:17:41.497301,5.89,5.89,589.0,CARD,0
TXN10559,2025-11-12 23:05:41.497301,34.85,34.85,3485.0,UPI,0
TXN10560,2025-11-06 21:14:41.497301,21.64,21.64,2393.58,UPI,1
TXN10561,2025-11-22 00:06:41.497301,49.63,49.63,4963.0,CARD,0
TXN10562,2025-11-06 05:54:41.497301,49.29,49.29,4929.0,CASH,0
TXN10563,2025-11-10 18:09:41.497301,28.08,28.08,2808.0,CASH,0
TXN10564,2025-11-17 13:04:41.497301,22.06,22.06,2702.61,UPI,1
TXN10565,2025-11-24 04:53:41.497301,48.1,48.1,4810.0,UPI,0
TXN10566,2025-11-11 13:03:41.497301,12.95,12.95,1295.0,CASH,0
TXN10567,2025-11-13 11:33:41.497301,34.59,34.59,3459.0,CARD,0
TXN10568,2025-11-25 01:51:41.497301,49.47,49.47,4947.0,UPI,0
TXN10569,2025-11-09 02:20:41.497301,6.75,6.75,675.0,CASH,0
TXN10570,2025-11-12 16:24:41.497301,29.95,29.95,2995.0,CASH,0
TXN10571,2025-11-14 17:29:41.497301,30.63,30.63,3063.0,CASH,0
TXN10572,2025-11-16 06:48:41.497301,7.49,7.49,749.0,CARD,0
TXN10573,2025-11-18 03:28:41.497301,49.23,49.23,4923.0,CARD,0
TXN10574,2025-11-17 16:14:41.497301,35.19,35.19,3519.0,CASH,0
TXN10575,2025-11-09 06:14:41.497301,44.39,44.39,4439.0,CARD,0
TXN10576,2025-11-13 16:21:41.497301,10.63,10.63,1215.6,CARD,1
TXN10577,2025-11-10 14:50:41.497301,22.41,22.41,2241.0,CASH,0
TXN10578,2025-11-26 22:15:41.497301,30.27,30.27,3027.0,CARD,0
TXN10579,2025-11-18 10:34:41.497301,19.21,19.21,1921.0,CARD,0
TXN10580,2025-11-23 17:17:41.497301,300.54,300.54,30054.0,CARD,1
TXN10581,2025-11-27 16:59:41.497301,35.56,35.56,3556.0,CASH,0
TXN10582,2025-12-02 23:06:41.497301,33.13,33.13,3313.0,CASH,0
TXN10583,2025-11-29 16:02:41.497301,24.02,24.02,2402.0,CARD,0
TXN10584,2025-11-18 12:48:41.497301,9.88,9.88,988.0,UPI,0
TXN10585,2025-11-15 04:37:41.497301,6.69,6.69,669.0,UPI,0
TXN10586,2025-11-06 21:49:41.497301,12.3,12.3,1230.0,CASH,0
TXN10587,2025-11-10 15:59:41.497301,10.0,10.0,1000.0,CARD,1
TXN10588,2025-11-11 15:18:41.497301,16.88,16.88,1688.0,CARD,0
TXN10589,2025-11-09 23:08:41.497301,45.34,45.34,4534.0,CARD,0
TXN10590,2025-11-30 18:44:41.497301,6.4,6.4,640.0,CASH,0
TXN10591,2025-11-16 18:25:41.497301,7.08,7.08,708.0,UPI,0
TXN10592,2025-11-09 14:24:41.497301,24.35,24.35,2435.0,UPI,0
TXN10593,2025-11-16 23:27:41.497301,40.17,40.17,4017.0,UPI,0
TXN10594,2025-11-14 19:08:41.497301,20.56,20.56,2056.0,UPI,0
TXN10595,2025-11-05 22:51:41.497301,33.39,33.39,3339.0,CASH,0
TXN10596,2025-11-23 23:55:41.497301,21.07,21.07,2107.0,CARD,0
TXN10597,2025-11-24 00:30:41.497301,34.08,34.08,3408.0,UPI,0
TXN10598,2025-11-28 04:45:41.497301,9.7,9.7,970.0,UPI,0
TXN10599,2025-11-25 05:11:41.497301,7.91,7.91,791.0,CARD,0
TXN10600,2025-11-14 16:55:41.497301,11.4,11.4,1140.0,UPI,0
TXN10601,2025-11-20 16:34:41.497301,9.65,9.65,965.0,UPI,0
TXN10602,2025-11-28 02:33:41.497301,22.51,22.51,2251.0,CASH,0
TXN10603,2025-11-28 13:32:41.497301,4.33,4.33,433.0,CARD,0
TXN10604,2025-11-24 19:22:41.497301,32.03,32.03,3203.0,CASH,0
TXN10605,2025-11-28 14:50:41.497301,33.86,33.86,3386.0,CARD,0
TXN10606,2025-11-30 05:06:41.497301,13.34,13.34,1334.0,UPI,0
TXN10607,2025-11-13 13:33:41.497301,32.58,32.58,3258.0,CARD,0
TXN10608,2025-11-17 18:43:41.497301,9.81,9.81,981.0,UPI,0
TXN10609,2025-12-01 10:46:41.497301,36.94,36.94,3694.0,CASH,0
TXN10610,2025-11-16 02:40:41.497301,1.85,1.85,185.0,CASH,0
TXN10611,2025-11-05 12:21:41.497301,31.44,31.44,3144.0,UPI,0
TXN10612,2025-11-18 11:20:41.497301,21.65,21.65,2165.0,UPI,0
TXN10613,2025-11-27 00:57:41.497301,11.83,11.83,1183.0,UPI,0
TXN10614,2025-11-10 08:00:41.497301,5.85,5.85,585.0,UPI,0
TXN10615,2025-11-15 13:03:41.497301,4.38,4.38,438.0,CARD,0
TXN10616,2025-11-07 14:55:41.497301,38.2,38.2,3820.0,UPI,0
TXN10617,2025-11-10 22:19:41.497301,45.74,45.74,4574.0,CARD,0
TXN10618,2025-11-09 00:27:41.497301,3.51,3.51,351.0,CASH,0
TXN10619,2025-11-27 11:08:41.497301,39.45,39.45,3945.0,CARD,0
TXN10620,2025-11-14 06:28:41.497301,27.29,27.29,2729.0,CARD,0
TXN10621,2025-11-20 11:42:41.497301,49.35,49.35,4935.0,UPI,0
TXN10622,2025-11-29 14:33:41.497301,33.94,33.94,3394.0,UPI,0
TXN10623,2025-11-05 16:32:41.497301,12.15,12.15,1215.0,CASH,0
TXN10624,2025-11-29 09:02:41.497301,6.92,6.92,692.0,CARD,0
TXN10625,2025-11-26 13:18:41.497301,36.06,36.06,3606.0,UPI,0
TXN10626,2025-11-12 07:44:41.497301,40.56,40.56,4056.0,CASH,0
TXN10627,2025-11-11 00:41:41.497301,2.21,2.21,221.0,CASH,0
TXN10628,2025-11-19 01:38:41.497301,18.21,18.21,1821.0,CASH,0
TXN10629,2025-11-20 18:31:41.497301,10.05,10.05,1005.0,CASH,0
TXN10630,2025-11-19 16:52:41.497301,3.22,3.22,322.0,CARD,0
TXN10631,2025-11-21 10:59:41.497301,38.63,38.63,3863.0,UPI,0
TXN10632,2025-11-13 17:32:41.497301,10.0,10.0,1000.0,UPI,1
TXN10633,2025-11-09 17:28:41.497301,40.04,40.04,4004.0,CASH,0
TXN10634,2025-11-24 19:52:41.497301,9.3,9.3,930.0,CARD,0
TXN10635,2025-11-08 02:45:41.497301,26.96,26.96,2696.0,CASH,0
TXN10636,2025-11-27 06:40:41.497301,10.03,10.03,1003.0,UPI,0
TXN10637,2025-11-11 06:27:41.497301,44.4,44.4,4440.0,CASH,0
TXN10638,2025-11-15 04:53:41.497301,32.06,32.06,3206.0,UPI,0
TXN10639,2025-11-30 10:09:41.497301,2.43,2.43,243.0,CARD,0
TXN10640,2025-11-08 02:15:41.497301,29.09,29.09,2909.0,UPI,0
TXN10641,2025-11-17 18:58:41.497301,49.09,49.09,4909.0,CARD,0
TXN10642,2025-11-20 09:35:41.497301,36.92,36.92,3861.5,CARD,1
TXN10643,2025-11-16 06:36:41.497301,8.53,8.53,853.0,UPI,0
TXN10644,2025-11-30 08:34:41.497301,28.83,28.83,2883.0,CARD,0
TXN10645,2025-11-28 09:24:41.497301,27.65,27.65,2765.0,CASH,0
TXN10646,2025-11-21 19:44:41.497301,48.89,48.89,4889.0,CASH,0
TXN10647,2025-11-14 03:40:41.497301,41.78,41.78,4178.0,UPI,0
TXN10648,2025-11-12 02:04:41.497301,9.39,9.39,1144.72,CARD,1
TXN10649,2025-11-12 00:47:41.497301,11.31,11.31,1131.0,CARD,0
TXN10650,2025-11-10 09:11:41.497301,16.02,16.02,1602.0,CARD,0
TXN10651,2025-11-30 03:24:41.497301,27.9,27.9,2790.0,CASH,0
TXN10652,2025-11-20 19:05:41.497301,18.89,18.89,1889.0,CARD,0
TXN10653,2025-11-25 03:54:41.497301,13.45,13.45,1345.0,CASH,0
TXN10654,2025-11-16 09:51:41.497301,4.72,4.72,472.0,CASH,0
TXN10655,2025-11-20 13:52:41.497301,1.35,1.35,135.0,CASH,0
TXN10656,2025-11-30 03:39:41.497301,19.28,19.28,1928.0,CARD,0
TXN10657,2025-11-27 14:16:41.497301,6.37,6.37,637.0,CARD,0
TXN10658,2025-11-15 11:55:41.497301,30.43,30.43,3043.0,UPI,0
TXN10659,2025-12-01 04:22:41.497301,46.21,46.21,4621.0,UPI,0
TXN10660,2025-11-05 13:44:41.497301,37.41,37.41,3741.0,UPI,0
TXN10661,2025-11-19 10:52:41.497301,24.02,24.02,2402.0,CARD,0
TXN10662,2025-11-05 18:10:41.497301,46.56,46.56,4656.0,UPI,0
TXN10663,2025-11-27 08:03:41.497301,33.69,33.69,3369.0,CARD,0
TXN10664,2025-11-07 17:01:41.497301,10.57,10.57,1057.0,UPI,0
TXN10665,2025-11-08 10:27:41.497301,12.76,12.76,1276.0,UPI,0
TXN10666,2025-11-08 14:27:41.497301,44.38,44.38,4438.0,CASH,0
TXN10667,2025-12-01 15:42:41.497301,27.38,27.38,2738.0,CASH,0
TXN10668,2025-11-24 21:27:41.497301,30.24,30.24,3024.0,CARD,0
TXN10669,2025-11-15 11:17:41.497301,16.02,16.02,1602.0,UPI,0
TXN10670,2025-11-27 22:13:41.497301,10.0,10.0,1000.0,UPI,1
TXN10671,2025-11-10 08:34:41.497301,40.12,40.12,4012.0,UPI,0
TXN10672,2025-11-17 16:16:41.497301,4.78,4.78,478.0,UPI,0
TXN10673,2025-11-25 22:27:41.497301,30.03,30.03,3003.0,CASH,0
TXN10674,2025-11-07 06:03:41.497301,4.81,4.81,481.0,CASH,0
TXN10675,2025-11-11 09:54:41.497301,38.89,38.89,3889.0,CASH,0
TXN10676,2025-12-02 06:45:41.497301,41.6,41.6,4160.0,UPI,0
TXN10677,2025-11-11 06:03:41.497301,15.95,15.95,1595.0,CARD,0
TXN10678,2025-11-14 22:43:41.497301,43.74,43.74,4374.0,CARD,0
TXN10679,2025-11-18 03:25:41.497301,42.35,42.35,4235.0,CASH,0
TXN10680,2025-11-09 06:38:41.497301,10.37,10.37,1037.0,UPI,0
TXN10681,2025-11-11 17:12:41.497301,30.3,30.3,3030.0,CASH,0
TXN10682,2025-11-22 14:58:41.497301,43.24,43.24,4324.0,CASH,0
TXN10683,2025-11-26 19:32:41.497301,1.5,1.5,150.0,CARD,0
TXN10684,2025-11-08 09:31:41.497301,13.75,13.75,1375.0,CARD,0
TXN10685,2025-11-11 11:55:41.497301,31.03,31.03,3103.0,CASH,0
TXN10686,2025-11-12 06:25:41.497301,1.34,1.34,134.0,UPI,0
TXN10687,2025-11-06 15:10:41.497301,28.51,28.51,2851.0,CASH,0
TXN10688,2025-11-28 03:09:41.497301,46.41,46.41,4641.0,CASH,0
TXN10689,2025-11-22 09:21:41.497301,31.47,31.47,3147.0,CASH,0
TXN10690,2025-11-12 00:49:41.497301,18.13,18.13,1813.0,CASH,0
TXN10691,2025-11-18 19:11:41.497301,378.97,378.97,37897.0,CARD,1
TXN10692,2025-11-26 14:42:41.497301,1.3,1.3,130.0,CASH,0
TXN10693,2025-11-30 16:41:41.497301,10.04,10.04,1004.0,UPI,0
TXN10694,2025-11-20 12:46:41.497301,47.01,47.01,4701.0,UPI,0
TXN10695,2025-12-02 16:03:41.497301,4.42,4.42,442.0,CASH,0
TXN10696,2025-11-24 20:58:41.497301,4.2,4.2,420.0,UPI,0
TXN10697,2025-11-12 05:57:41.497301,28.0,28.0,2800.0,UPI,0
TXN10698,2025-11-09 21:53:41.497301,37.43,37.43,3743.0,UPI,0
TXN10699,2025-11-19 17:21:41.497301,42.3,42.3,4230.0,UPI,0
TXN10700,2025-11-22 02:20:41.497301,38.39,38.39,3839.0,CARD,0
TXN10701,2025-11-23 11:03:41.497301,36.38,36.38,3638.0,UPI,0
TXN10702,2025-11-22 14:07:41.497301,45.92,45.92,4592.0,CASH,0
TXN10703,2025-11-21 05:30:41.497301,14.12,14.12,1412.0,CASH,0
TXN10704,2025-11-16 14:54:41.497301,25.78,25.78,2578.0,CARD,0
TXN10705,2025-11-08 14:20:41.497301,5.44,5.44,544.0,CARD,0
TXN10706,2025-11-27 22:55:41.497301,26.63,26.63,2663.0,UPI,0
TXN10707,2025-11-14 07:39:41.497301,15.33,15.33,1533.0,UPI,0
TXN10708,2025-11-29 07:55:41.497301,27.79,27.79,2779.0,CASH,0
TXN10709,2025-11-14 15:45:41.497301,30.03,30.03,3003.0,UPI,0
TXN10710,2025-11-11 04:15:41.497301,22.31,22.31,2231.0,CARD,0
TXN10711,2025-11-19 06:27:41.497301,18.78,18.78,1878.0,UPI,0
TXN10712,2025-11-18 03:32:41.497301,45.06,45.06,4506.0,CASH,0
TXN10713,2025-11-06 18:37:41.497301,4.79,4.79,479.0,CASH,0
TXN10714,2025-11-20 13:13:41.497301,5.2,5.2,520.0,UPI,0
TXN10715,2025-11-29 01:56:41.497301,30.38,30.38,3038.0,UPI,0
TXN10716,2025-11-12 14:26:41.497301,29.41,29.41,2941.0,CARD,0
TXN10717,2025-11-13 18:39:41.497301,24.74,24.74,2474.0,CARD,0
TXN10718,2025-11-16 17:43:41.497301,12.15,12.15,1215.0,UPI,0
TXN10719,2025-11-23 02:49:41.497301,31.82,31.82,3182.0,CARD,0
TXN10720,2025-11-25 19:42:41.497301,39.2,39.2,3920.0,CASH,0
TXN10721,2025-11-15 22:34:41.497301,10.63,10.63,1063.0,CARD,0
TXN10722,2025-11-26 01:57:41.497301,44.29,44.29,4429.0,CASH,0
TXN10723,2025-11-23 11:00:41.497301,43.38,43.38,4338.0,CASH,0
TXN10724,2025-11-08 11:41:41.497301,38.63,38.63,3863.0,UPI,0
TXN10725,2025-11-26 07:30:41.497301,4.98,4.98,498.0,UPI,0
TXN10726,2025-11-26 22:40:41.497301,33.84,33.84,3384.0,UPI,0
TXN10727,2025-11-18 07:32:41.497301,33.69,33.69,3369.0,CASH,0
TXN10728,2025-11-15 08:56:41.497301,33.99,33.99,3399.0,CASH,0
TXN10729,2025-11-27 05:55:41.497301,5.03,5.03,503.0,CASH,0
TXN10730,2025-11-24 02:34:41.497301,47.68,47.68,4768.0,UPI,0
TXN10731,2025-11-23 18:00:41.497301,1.39,1.39,139.0,CASH,0
TXN10732,2025-11-22 06:01:41.497301,39.83,39.83,3983.0,CARD,0
TXN10733,2025-11-29 16:58:41.497301,43.5,43.5,4350.0,CASH,0
TXN10734,2025-11-26 02:57:41.497301,27.84,27.84,2784.0,UPI,0
TXN10735,2025-11-27 07:49:41.497301,34.15,34.15,3415.0,UPI,0
TXN10736,2025-11-17 21:46:41.497301,11.48,11.48,1148.0,UPI,0
TXN10737,2025-11-10 14:11:41.497301,7.49,7.49,749.0,CARD,0
TXN10738,2025-11-28 18:31:41.497301,45.16,45.16,4516.0,UPI,0
TXN10739,2025-11-09 13:27:41.497301,17.22,17.22,1722.0,CARD,0
TXN10740,2025-11-05 19:12:41.497301,24.75,24.75,2475.0,CASH,0
TXN10741,2025-11-27 22:38:41.497301,9.19,9.19,919.0,CASH,0
TXN10742,2025-11-20 02:01:41.497301,13.69,13.69,1369.0,UPI,0
TXN10743,2025-12-02 10:49:41.497301,44.61,44.61,4461.0,UPI,0
TXN10744,2025-11-16 16:27:41.497301,34.27,34.27,3427.0,CARD,0
TXN10745,2025-11-28 03:39:41.497301,7.99,7.99,799.0,CASH,0
TXN10746,2025-11-15 05:44:41.497301,1.72,1.72,172.0,CARD,0
TXN10747,2025-11-29 05:50:41.497301,24.88,24.88,2488.0,CARD,0
TXN10748,2025-11-17 14:39:41.497301,10.0,10.0,1000.0,CARD,1
TXN10749,2025-11-20 19:53:41.497301,10.77,10.77,1077.0,CARD,0
TXN10750,2025-11-19 14:22:41.497301,11.72,11.72,1172.0,CARD,0
TXN10751,2025-11-22 10:01:41.497301,8.74,8.74,874.0,CASH,0
TXN10752,2025-11-16 09:25:41.497301,37.47,37.47,3747.0,UPI,0
TXN10753,2025-11-25 22:09:41.497301,36.34,36.34,3634.0,CASH,0
TXN10754,2025-11-28 12:26:41.497301,35.67,35.67,3567.0,UPI,0
TXN10755,2025-11-10 02:42:41.497301,25.76,25.76,2576.0,UPI,0
TXN10756,2025-11-12 15:44:41.497301,45.53,45.53,4553.0,UPI,0
TXN10757,2025-11-18 17:16:41.497301,34.15,34.15,3415.0,CASH,0
TXN10758,2025-11-14 10:37:41.497301,9.85,9.85,985.0,CASH,0
TXN10759,2025-11-30 05:26:41.497301,28.49,28.49,2849.0,UPI,0
TXN10760,2025-12-03 00:19:41.497301,42.93,42.93,4293.0,UPI,0
TXN10761,2025-11-11 07:40:41.497301,24.9,24.9,2490.0,CARD,0
TXN10762,2025-11-30 21:14:41.497301,27.74,27.74,2774.0,UPI,0
TXN10763,2025-11-20 00:55:41.497301,38.4,38.4,3840.0,CASH,0
TXN10764,2025-11-20 18:30:41.497301,19.65,19.65,1965.0,UPI,0
TXN10765,2025-11-28 05:32:41.497301,1.75,1.75,175.0,UPI,0
TXN10766,2025-11-09 19:10:41.497301,3.19,3.19,319.0,CASH,0
TXN10767,2025-11-26 22:13:41.497301,26.81,26.81,2681.0,UPI,0
TXN10768,2025-11-16 17:29:41.497301,10.04,10.04,1004.0,CASH,0
TXN10769,2025-11-06 09:46:41.497301,14.8,14.8,1480.0,CARD,0
TXN10770,2025-11-25 11:52:41.497301,8.1,8.1,810.0,UPI,0
TXN10771,2025-11-13 16:33:41.497301,40.02,40.02,4002.0,CARD,0
TXN10772,2025-11-29 02:35:41.497301,31.46,31.46,3146.0,CASH,0
TXN10773,2025-11-25 21:51:41.497301,20.28,20.28,2028.0,CARD,0
TXN10774,2025-12-01 03:53:41.497301,16.8,16.8,1680.0,CASH,0
TXN10775,2025-11-30 06:06:41.497301,30.91,30.91,3091.0,CARD,0
TXN10776,2025-11-25 04:39:41.497301,9.08,9.08,908.0,UPI,0
TXN10777,2025-11-22 14:00:41.497301,8.7,8.7,870.0,UPI,0
TXN10778,2025-11-28 03:42:41.497301,11.87,11.87,1187.0,UPI,0
TXN10779,2025-11-10 13:33:41.497301,44.78,44.78,4478.0,CARD,0
TXN10780,2025-11-10 20:18:41.497301,31.63,31.63,3163.0,UPI,0
TXN10781,2025-11-23 20:28:41.497301,12.27,12.27,1227.0,CARD,0
TXN10782,2025-11-11 21:12:41.497301,20.84,20.84,2084.0,UPI,0
TXN10783,2025-11-20 00:57:41.497301,11.82,11.82,1182.0,CASH,0
TXN10784,2025-11-24 15:27:41.497301,35.5,35.5,3550.0,CARD,0
TXN10785,2025-12-01 16:07:41.497301,16.17,16.17,1617.0,UPI,0
TXN10786,2025-12-01 06:59:41.497301,44.99,44.99,4499.0,CARD,0
TXN10787,2025-11-18 02:53:41.497301,3.23,3.23,323.0,UPI,0
TXN10788,2025-11-14 08:58:41.497301,25.47,25.47,2547.0,CARD,0
TXN10789,2025-11-09 03:17:41.497301,20.44,20.44,2044.0,CASH,0
TXN10790,2025-11-28 20:37:41.497301,12.74,12.74,1274.0,CARD,0
TXN10791,2025-12-02 11:12:41.497301,23.55,23.55,2355.0,CARD,0
TXN10792,2025-11-23 11:32:41.497301,49.04,49.04,4904.0,CASH,0
TXN10793,2025-11-20 01:15:41.497301,49.08,49.08,4908.0,UPI,0
TXN10794,2025-11-19 17:42:41.497301,1.97,1.97,197.0,CARD,0
TXN10795,2025-11-28 11:28:41.497301,32.97,32.97,3297.0,CARD,0
TXN10796,2025-11-05 19:56:41.497301,6.55,6.55,655.0,CASH,0
TXN10797,2025-11-07 08:30:41.497301,9.83,9.83,983.0,CASH,0
TXN10798,2025-11-18 18:33:41.497301,37.16,37.16,3716.0,CARD,0
TXN10799,2025-12-02 11:28:41.497301,26.01,26.01,2601.0,UPI,0
TXN10800,2025-11-10 21:46:41.497301,7.84,7.84,784.0,CASH,0
TXN10801,2025-12-02 07:29:41.497301,21.02,21.02,2102.0,CASH,0
TXN10802,2025-11-18 01:04:41.497301,37.28,37.28,3728.0,CASH,0
TXN10803,2025-11-20 18:27:41.497301,23.59,23.59,2359.0,UPI,0
TXN10804,2025-11-07 08:06:41.497301,12.23,12.23,1223.0,UPI,0
TXN10805,2025-11-09 10:54:41.497301,10.36,10.36,1036.0,CARD,0
TXN10806,2025-11-07 22:48:41.497301,48.23,48.23,4823.0,UPI,0
TXN10807,2025-11-14 12:54:41.497301,45.7,45.7,4570.0,CARD,0
TXN10808,2025-12-03 02:12:41.497301,38.56,38.56,3856.0,UPI,0
TXN10809,2025-11-24 18:36:41.497301,23.82,23.82,2382.0,CARD,0
TXN10810,2025-11-20 22:42:41.497301,8.21,8.21,821.0,CARD,0
TXN10811,2025-11-09 06:38:41.497301,32.36,32.36,3236.0,CASH,0
TXN10812,2025-11-19 10:57:41.497301,10.0,10.0,1000.0,UPI,1
TXN10813,2025-11-12 09:33:41.497301,14.26,14.26,1426.0,UPI,0
TXN10814,2025-11-28 11:28:41.497301,45.37,45.37,4537.0,UPI,0
TXN10815,2025-11-07 02:08:41.497301,25.09,25.09,2509.0,CARD,0
TXN10816,2025-11-12 22:59:41.497301,12.78,12.78,1278.0,CASH,0
TXN10817,2025-11-11 11:07:41.497301,16.86,16.86,1686.0,CASH,0
TXN10818,2025-11-22 16:20:41.497301,35.31,35.31,3531.0,CARD,0
TXN10819,2025-11-17 19:03:41.497301,44.17,44.17,4417.0,CASH,0
TXN10820,2025-11-14 11:50:41.497301,17.39,17.39,1739.0,UPI,0
TXN10821,2025-11-28 01:40:41.497301,47.45,47.45,4745.0,UPI,0
TXN10822,2025-11-23 18:42:41.497301,8.4,8.4,840.0,CASH,0
TXN10823,2025-11-07 10:33:41.497301,41.88,41.88,4188.0,CASH,0
TXN10824,2025-11-13 22:49:41.497301,17.99,17.99,1799.0,CARD,0
TXN10825,2025-11-28 23:30:41.497301,18.94,18.94,1894.0,CASH,0
TXN10826,2025-11-27 21:13:41.497301,42.76,42.76,4276.0,CASH,0
TXN10827,2025-11-25 04:11:41.497301,22.08,22.08,2208.0,CARD,0
TXN10828,2025-11-06 18:38:41.497301,15.65,15.65,1565.0,UPI,0
TXN10829,2025-11-09 23:19:41.497301,2.96,2.96,296.0,CASH,0
TXN10830,2025-11-12 11:00:41.497301,25.3,25.3,2530.0,UPI,0
TXN10831,2025-11-10 13:22:41.497301,49.4,49.4,4940.0,CASH,0
TXN10832,2025-12-01 13:58:41.497301,17.32,17.32,1732.0,CARD,0
TXN10833,2025-11-28 07:04:41.497301,39.19,39.19,3919.0,CARD,0
TXN10834,2025-11-21 15:02:41.497301,11.72,11.72,1172.0,CASH,0
TXN10835,2025-11-08 12:09:41.497301,3.35,3.35,335.0,UPI,0
TXN10836,2025-11-23 06:12:41.497301,32.71,32.71,3610.44,CARD,1
TXN10837,2025-11-28 06:53:41.497301,34.22,34.22,3422.0,CARD,0
TXN10838,2025-12-02 13:05:41.497301,46.48,46.48,4648.0,CASH,0
TXN10839,2025-11-23 01:02:41.497301,37.94,37.94,3794.0,CARD,0
TXN10840,2025-12-01 11:57:41.497301,33.15,33.15,3315.0,UPI,0
TXN10841,2025-11-15 18:59:41.497301,24.13,24.13,2413.0,UPI,0
TXN10842,2025-11-24 23:08:41.497301,18.48,18.48,1848.0,UPI,0
TXN10843,2025-12-01 01:22:41.497301,45.36,45.36,4536.0,CARD,0
TXN10844,2025-12-01 16:03:41.497301,13.84,13.84,1384.0,UPI,0
TXN10845,2025-11-16 20:46:41.497301,17.18,17.18,1718.0,CARD,0
TXN10846,2025-12-01 13:50:41.497301,1.77,1.77,177.0,CASH,0
TXN10847,2025-11-13 09:26:41.497301,43.85,43.85,4385.0,CARD,0
TXN10848,2025-11-25 14:42:41.497301,18.46,18.46,1846.0,UPI,0
TXN10849,2025-11-30 01:41:41.497301,14.78,14.78,1478.0,CARD,0
TXN10850,2025-11-06 21:46:41.497301,47.23,47.23,4723.0,CASH,0
TXN10851,2025-12-02 03:49:41.497301,11.36,11.36,1306.47,UPI,1
TXN10852,2025-11-11 14:10:41.497301,45.68,45.68,4568.0,CASH,0
TXN10853,2025-11-15 08:31:41.497301,40.7,40.7,4070.0,UPI,0
TXN10854,2025-11-15 09:22:41.497301,41.71,41.71,4171.0,CARD,0
TXN10855,2025-11-07 19:10:41.497301,34.08,34.08,3408.0,CARD,0
TXN10856,2025-11-26 05:17:41.497301,23.43,23.43,2343.0,CARD,0
TXN10857,2025-11-24 15:40:41.497301,41.04,41.04,4104.0,CARD,0
TXN10858,2025-11-17 02:19:41.497301,32.09,32.09,3209.0,CASH,0
TXN10859,2025-11-23 17:04:41.497301,37.61,37.61,3761.0,UPI,0
TXN10860,2025-12-02 10:39:41.497301,10.0,10.0,1000.0,UPI,1
TXN10861,2025-11-11 16:59:41.497301,42.51,42.51,4251.0,UPI,0
TXN10862,2025-11-06 02:05:41.497301,4.54,4.54,454.0,CARD,0
TXN10863,2025-11-30 05:49:41.497301,42.25,42.25,4225.0,UPI,0
TXN10864,2025-11-20 05:21:41.497301,26.48,26.48,2648.0,UPI,0
TXN10865,2025-11-18 11:30:41.497301,32.36,32.36,3236.0,CARD,0
TXN10866,2025-11-26 20:03:41.497301,29.7,29.7,2970.0,CARD,0
TXN10867,2025-11-24 11:57:41.497301,324.3,324.3,32430.0,UPI,1
TXN10868,2025-11-16 15:17:41.497301,29.24,29.24,2924.0,CARD,0
TXN10869,2025-11-11 09:05:41.497301,46.9,46.9,5014.76,CARD,1
TXN10870,2025-12-02 17:02:41.497301,27.2,27.2,2720.0,UPI,0
TXN10871,2025-11-26 05:07:41.497301,40.83,40.83,4083.0,UPI,0
TXN10872,2025-11-29 22:59:41.497301,14.54,14.54,1454.0,CASH,0
TXN10873,2025-11-15 17:09:41.497301,23.3,23.3,2330.0,UPI,0
TXN10874,2025-11-13 14:09:41.497301,6.28,6.28,628.0,UPI,0
TXN10875,2025-11-22 20:02:41.497301,36.7,36.7,3670.0,CASH,0
TXN10876,2025-12-02 17:43:41.497301,11.15,11.15,1115.0,UPI,0
TXN10877,2025-11-20 03:51:41.497301,23.11,23.11,2311.0,UPI,0
TXN10878,2025-11-08 07:33:41.497301,34.15,34.15,3415.0,CARD,0
TXN10879,2025-11-26 16:39:41.497301,4.78,4.78,478.0,CARD,0
TXN10880,2025-11-23 07:55:41.497301,42.58,42.58,4258.0,CASH,0
TXN10881,2025-12-02 02:47:41.497301,4.95,4.95,495.0,CARD,0
TXN10882,2025-11-05 23:57:41.497301,21.55,21.55,2155.0,UPI,0
TXN10883,2025-11-20 11:26:41.497301,26.26,26.26,2626.0,CASH,0
TXN10884,2025-11-25 17:35:41.497301,23.68,23.68,2368.0,CASH,0
TXN10885,2025-11-07 12:39:41.497301,5.75,5.75,575.0,UPI,0
TXN10886,2025-11-14 16:03:41.497301,35.31,35.31,3531.0,CASH,0
TXN10887,2025-11-29 08:10:41.497301,6.74,6.74,674.0,CARD,0
TXN10888,2025-11-17 23:50:41.497301,47.27,47.27,4727.0,CASH,0
TXN10889,2025-11-15 20:42:41.497301,32.11,32.11,3211.0,CARD,0
TXN10890,2025-11-08 13:00:41.497301,16.71,16.71,1671.0,CARD,0
TXN10891,2025-11-20 20:22:41.497301,10.31,10.31,1031.0,UPI,0
TXN10892,2025-11-13 23:25:41.497301,26.05,26.05,2605.0,CARD,0
TXN10893,2025-11-07 14:34:41.497301,42.59,42.59,4259.0,CASH,0
TXN10894,2025-11-25 18:11:41.497301,23.49,23.49,2349.0,UPI,0
TXN10895,2025-11-19 10:52:41.497301,33.84,33.84,3384.0,CARD,0
TXN10896,2025-11-10 15:13:41.497301,9.15,9.15,915.0,UPI,0
TXN10897,2025-11-24 22:50:41.497301,25.84,25.84,2584.0,CASH,0
TXN10898,2025-11-20 16:36:41.497301,46.98,46.98,4698.0,CASH,0
TXN10899,2025-11-16 22:49:41.497301,15.19,15.19,1519.0,UPI,0
TXN10900,2025-11-10 16:59:41.497301,42.29,42.29,4229.0,UPI,0
TXN10901,2025-12-02 17:45:41.497301,37.22,37.22,3722.0,CASH,0
TXN10902,2025-11-12 07:38:41.497301,27.98,27.98,2798.0,CARD,0
TXN10903,2025-11-13 03:44:41.497301,22.98,22.98,2298.0,CARD,0
TXN10904,2025-11-19 20:40:41.497301,10.0,10.0,1000.0,UPI,1
TXN10905,2025-11-10 06:42:41.497301,49.25,49.25,4925.0,CARD,0
TXN10906,2025-11-30 01:07:41.497301,8.25,8.25,825.0,CASH,0
TXN10907,2025-11-11 17:56:41.497301,48.16,48.16,4816.0,UPI,0
TXN10908,2025-11-13 18:58:41.497301,14.29,14.29,1594.21,UPI,1
TXN10909,2025-11-11 07:30:41.497301,45.7,45.7,4570.0,CASH,0
TXN10910,2025-11-21 18:04:41.497301,10.0,10.0,1000.0,UPI,1
TXN10911,2025-12-01 14:35:41.497301,35.8,35.8,3580.0,UPI,0
TXN10912,2025-11-11 00:53:41.497301,36.11,36.11,3611.0,CASH,0
TXN10913,2025-11-09 12:59:41.497301,22.07,22.07,2207.0,UPI,0
TXN10914,2025-11-28 10:14:41.497301,11.65,11.65,1165.0,UPI,0
TXN10915,2025-11-08 06:19:41.497301,33.47,33.47,3347.0,CASH,0
TXN10916,2025-11-09 05:20:41.497301,18.53,18.53,1853.0,CARD,0
TXN10917,2025-11-21 12:40:41.497301,22.62,22.62,2262.0,UPI,0
TXN10918,2025-11-08 00:25:41.497301,18.56,18.56,1856.0,CARD,0
TXN10919,2025-11-06 02:17:41.497301,28.93,28.93,2893.0,CARD,0
TXN10920,2025-11-11 17:47:41.497301,8.96,8.96,896.0,CASH,0
TXN10921,2025-12-03 05:02:41.497301,17.81,17.81,1781.0,CASH,0
TXN10922,2025-12-01 22:15:41.497301,15.01,15.01,1501.0,CASH,0
TXN10923,2025-11-20 23:28:41.497301,37.94,37.94,3794.0,CASH,0
TXN10924,2025-11-27 04:22:41.497301,37.77,37.77,3777.0,CASH,0
TXN10925,2025-11-12 12:33:41.497301,29.09,29.09,2909.0,UPI,0
TXN10926,2025-11-19 22:27:41.497301,8.69,8.69,869.0,UPI,0
TXN10927,2025-11-16 09:55:41.497301,49.39,49.39,4939.0,UPI,0
TXN10928,2025-11-27 06:03:41.497301,40.48,40.48,4048.0,UPI,0
TXN10929,2025-11-28 13:09:41.497301,25.33,25.33,2533.0,CASH,0
TXN10930,2025-11-09 10:42:41.497301,19.52,19.52,1952.0,CARD,0
TXN10931,2025-11-19 20:06:41.497301,40.4,40.4,4040.0,UPI,0
TXN10932,2025-11-30 02:30:41.497301,16.39,16.39,1639.0,UPI,0
TXN10933,2025-11-15 14:46:41.497301,10.56,10.56,1056.0,CARD,0
TXN10934,2025-11-18 15:33:41.497301,16.48,16.48,1648.0,CARD,0
TXN10935,2025-11-15 01:23:41.497301,36.63,36.63,3663.0,UPI,0
TXN10936,2025-11-14 22:20:41.497301,21.87,21.87,2187.0,CASH,0
TXN10937,2025-11-15 21:55:41.497301,4.35,4.35,435.0,UPI,0
TXN10938,2025-11-25 18:07:41.497301,27.46,27.46,3138.69,UPI,1
TXN10939,2025-11-10 04:04:41.497301,39.85,39.85,4382.04,UPI,1
TXN10940,2025-11-26 07:51:41.497301,25.84,25.84,2584.0,CARD,0
TXN10941,2025-11-07 17:06:41.497301,9.29,9.29,929.0,UPI,0
TXN10942,2025-11-16 21:28:41.497301,48.04,48.04,4804.0,CARD,0
TXN10943,2025-12-02 07:46:41.497301,5.0,5.0,500.0,CARD,0
TXN10944,2025-11-25 16:57:41.497301,28.15,28.15,2815.0,CARD,0
TXN10945,2025-11-26 05:45:41.497301,30.42,30.42,3042.0,UPI,0
TXN10946,2025-11-06 12:44:41.497301,19.31,19.31,1931.0,CASH,0
TXN10947,2025-11-08 15:01:41.497301,41.22,41.22,4122.0,CASH,0
TXN10948,2025-11-24 17:31:41.497301,47.33,47.33,4733.0,CARD,0
TXN10949,2025-11-08 17:05:41.497301,12.12,12.12,1212.0,CARD,0
TXN10950,2025-11-15 14:43:41.497301,4.2,4.2,420.0,UPI,0
TXN10951,2025-11-18 08:45:41.497301,31.91,31.91,3191.0,UPI,0
TXN10952,2025-11-09 05:44:41.497301,25.32,25.32,2532.0,UPI,0
TXN10953,2025-11-26 00:58:41.497301,35.24,35.24,3524.0,UPI,0
TXN10954,2025-11-18 20:05:41.497301,29.8,29.8,2980.0,UPI,0
TXN10955,2025-11-22 03:17:41.497301,28.53,28.53,2853.0,UPI,0
TXN10956,2025-11-18 17:39:41.497301,26.36,26.36,2636.0,CARD,0
TXN10957,2025-11-30 09:14:41.497301,7.19,7.19,719.0,CARD,0
TXN10958,2025-11-27 16:00:41.497301,29.03,29.03,2903.0,UPI,0
TXN10959,2025-11-11 13:09:41.497301,20.37,20.37,2037.0,CASH,0
TXN10960,2025-11-27 15:36:41.497301,44.5,44.5,4450.0,CASH,0
TXN10961,2025-12-02 06:49:41.497301,40.53,40.53,4053.0,UPI,0
TXN10962,2025-11-25 18:53:41.497301,12.76,12.76,1276.0,UPI,0
TXN10963,2025-11-24 04:27:41.497301,26.31,26.31,2631.0,UPI,0
TXN10964,2025-11-10 02:29:41.497301,25.76,25.76,2576.0,CASH,0
TXN10965,2025-11-15 19:33:41.497301,29.1,29.1,2910.0,CASH,0
TXN10966,2025-11-13 01:14:41.497301,28.65,28.65,2865.0,UPI,0
TXN10967,2025-11-26 06:11:41.497301,21.83,21.83,2183.0,CARD,0
TXN10968,2025-11-30 05:17:41.497301,27.64,27.64,2764.0,CASH,0
TXN10969,2025-11-06 08:26:41.497301,38.98,38.98,3898.0,CARD,0
TXN10970,2025-11-07 07:24:41.497301,12.09,12.09,1209.0,UPI,0
TXN10971,2025-11-22 10:27:41.497301,50.0,50.0,5000.0,UPI,0
TXN10972,2025-11-19 05:44:41.497301,14.97,14.97,1497.0,CASH,0
TXN10973,2025-11-21 15:02:41.497301,28.97,28.97,2897.0,CARD,0
TXN10974,2025-11-16 14:05:41.497301,35.52,35.52,3552.0,CASH,0
TXN10975,2025-11-15 20:36:41.497301,25.24,25.24,2524.0,UPI,0
TXN10976,2025-11-09 04:00:41.497301,21.95,21.95,2195.0,CARD,0
TXN10977,2025-11-26 02:18:41.497301,15.55,15.55,1555.0,UPI,0
TXN10978,2025-11-07 18:00:41.497301,39.89,39.89,3989.0,UPI,0
TXN10979,2025-12-01 17:26:41.497301,10.37,10.37,1037.0,CARD,0
TXN10980,2025-11-21 21:03:41.497301,33.97,33.97,3397.0,UPI,0
TXN10981,2025-11-08 08:42:41.497301,26.43,26.43,2643.0,UPI,0
TXN10982,2025-11-21 07:37:41.497301,46.1,46.1,4610.0,UPI,0
TXN10983,2025-11-29 20:56:41.497301,10.0,10.0,1000.0,CARD,1
TXN10984,2025-11-14 16:41:41.497301,48.93,48.93,4893.0,CASH,0
TXN10985,2025-11-26 22:45:41.497301,44.81,44.81,4481.0,UPI,0
TXN10986,2025-11-19 02:56:41.497301,19.87,19.87,1987.0,CASH,0
TXN10987,2025-11-07 12:32:41.497301,29.39,29.39,2939.0,CASH,0
TXN10988,2025-11-10 09:24:41.497301,24.62,24.62,2462.0,CASH,0
TXN10989,2025-11-29 19:14:41.497301,13.04,13.04,1304.0,UPI,0
TXN10990,2025-11-16 00:54:41.497301,8.23,8.23,823.0,CASH,0
TXN10991,2025-11-06 20:33:41.497301,10.28,10.28,1028.0,CARD,0
TXN10992,2025-11-06 00:50:41.497301,7.03,7.03,703.0,UPI,0
TXN10993,2025-11-24 22:47:41.497301,2.11,2.11,211.0,UPI,0
TXN10994,2025-11-26 06:25:41.497301,21.1,21.1,2110.0,CARD,0
TXN10995,2025-11-16 14:13:41.497301,8.42,8.42,842.0,CASH,0
TXN10996,2025-12-02 17:27:41.497301,45.82,45.82,4582.0,CARD,0
TXN10997,2025-11-11 17:30:41.497301,440.63,440.63,44063.0,UPI,1
TXN10998,2025-11-19 08:18:41.497301,31.52,31.52,3152.0,CARD,0
TXN10999,2025-11-16 12:02:41.497301,43.33,43.33,4333.0,CARD,0
